[
  {
    "_id": "67a2ff935d2e8cfa96e1340c",
    "storeName": "16号店",
    "type": "普货",
    "status": "pending",
    "totalBoxes": 4,
    "totalWeight": 60,
    "totalVolume": 0.30192,
    "totalPieces": 256,
    "totalValue": 2800,
    "items": [
      {
        "sku": "A16-MTCDFB-Negro",
        "quantity": 100,
        "boxQuantities": [
          {
            "boxNo": "1",
            "quantity": 40,
            "specs": {
              "length": 60,
              "width": 32,
              "height": 42,
              "weight": 15,
              "volume": 0.08064,
              "edgeVolume": 0.086559
            }
          },
          {
            "boxNo": "2",
            "quantity": 40,
            "specs": {
              "length": 60,
              "width": 32,
              "height": 42,
              "weight": 15,
              "volume": 0.08064,
              "edgeVolume": 0.086559
            }
          },
          {
            "boxNo": "4",
            "quantity": 20,
            "specs": {
              "length": 60,
              "width": 32,
              "height": 42,
              "weight": 15,
              "volume": 0.08064,
              "edgeVolume": 0.086559
            }
          }
        ],
        "_id": "67a2ff935d2e8cfa96e1340d"
      },
      {
        "sku": "A16-CBJ-Rojo",
        "quantity": 20,
        "boxQuantities": [
          {
            "boxNo": "1",
            "quantity": 12,
            "specs": {
              "length": 60,
              "width": 32,
              "height": 42,
              "weight": 15,
              "volume": 0.08064,
              "edgeVolume": 0.086559
            }
          },
          {
            "boxNo": "2",
            "quantity": 8,
            "specs": {
              "length": 60,
              "width": 32,
              "height": 42,
              "weight": 15,
              "volume": 0.08064,
              "edgeVolume": 0.086559
            }
          }
        ],
        "_id": "67a2ff935d2e8cfa96e1340e"
      },
      {
        "sku": "A16-FGZXD",
        "quantity": 136,
        "boxQuantities": [
          {
            "boxNo": "3",
            "quantity": 84,
            "specs": {
              "length": 50,
              "width": 40,
              "height": 30,
              "weight": 15,
              "volume": 0.06,
              "edgeVolume": 0.064821
            }
          },
          {
            "boxNo": "4",
            "quantity": 52,
            "specs": {
              "length": 60,
              "width": 32,
              "height": 42,
              "weight": 15,
              "volume": 0.08064,
              "edgeVolume": 0.086559
            }
          }
        ],
        "_id": "67a2ff935d2e8cfa96e1340f"
      }
    ],
    "createdAt": "2025-02-05T06:05:07.315Z",
    "updatedAt": "2025-02-05T06:05:07.327Z",
    "__v": 0
  },
  {
    "_id": "67a2ff935d2e8cfa96e1342d",
    "storeName": "16号店",
    "type": "纺织",
    "status": "pending",
    "totalBoxes": 5,
    "totalWeight": 90,
    "totalVolume": 0.4419,
    "totalPieces": 475,
    "totalValue": 3000,
    "items": [
      {
        "sku": "A16-BSJJF-Negro-L",
        "quantity": 19,
        "boxQuantities": [
          {
            "boxNo": "1",
            "quantity": 19,
            "specs": {
              "length": 55,
              "width": 45,
              "height": 41,
              "weight": 20,
              "volume": 0.101475,
              "edgeVolume": 0.108192
            }
          }
        ],
        "_id": "67a2ff935d2e8cfa96e1342e"
      },
      {
        "sku": "A16-BSJJF-Negro-XL",
        "quantity": 19,
        "boxQuantities": [
          {
            "boxNo": "1",
            "quantity": 19,
            "specs": {
              "length": 55,
              "width": 45,
              "height": 41,
              "weight": 20,
              "volume": 0.101475,
              "edgeVolume": 0.108192
            }
          }
        ],
        "_id": "67a2ff935d2e8cfa96e1342f"
      },
      {
        "sku": "A16-BSJJF-Negro-2XL",
        "quantity": 19,
        "boxQuantities": [
          {
            "boxNo": "2",
            "quantity": 19,
            "specs": {
              "length": 55,
              "width": 45,
              "height": 41,
              "weight": 20,
              "volume": 0.101475,
              "edgeVolume": 0.108192
            }
          }
        ],
        "_id": "67a2ff935d2e8cfa96e13430"
      },
      {
        "sku": "A16-BSJJF-Negro-3XL",
        "quantity": 19,
        "boxQuantities": [
          {
            "boxNo": "2",
            "quantity": 19,
            "specs": {
              "length": 55,
              "width": 45,
              "height": 41,
              "weight": 20,
              "volume": 0.101475,
              "edgeVolume": 0.108192
            }
          }
        ],
        "_id": "67a2ff935d2e8cfa96e13431"
      },
      {
        "sku": "A16-BSJJF-Negro-4XL",
        "quantity": 19,
        "boxQuantities": [
          {
            "boxNo": "2",
            "quantity": 19,
            "specs": {
              "length": 55,
              "width": 45,
              "height": 41,
              "weight": 20,
              "volume": 0.101475,
              "edgeVolume": 0.108192
            }
          }
        ],
        "_id": "67a2ff935d2e8cfa96e13432"
      },
      {
        "sku": "A16-BSJJF-Gris-XL",
        "quantity": 20,
        "boxQuantities": [
          {
            "boxNo": "1",
            "quantity": 20,
            "specs": {
              "length": 55,
              "width": 45,
              "height": 41,
              "weight": 20,
              "volume": 0.101475,
              "edgeVolume": 0.108192
            }
          }
        ],
        "_id": "67a2ff935d2e8cfa96e13433"
      },
      {
        "sku": "A16-BSJJF-Gris-2XL",
        "quantity": 20,
        "boxQuantities": [
          {
            "boxNo": "1",
            "quantity": 20,
            "specs": {
              "length": 55,
              "width": 45,
              "height": 41,
              "weight": 20,
              "volume": 0.101475,
              "edgeVolume": 0.108192
            }
          }
        ],
        "_id": "67a2ff935d2e8cfa96e13434"
      },
      {
        "sku": "A16-BSJJF-Gris-3XL",
        "quantity": 20,
        "boxQuantities": [
          {
            "boxNo": "1",
            "quantity": 20,
            "specs": {
              "length": 55,
              "width": 45,
              "height": 41,
              "weight": 20,
              "volume": 0.101475,
              "edgeVolume": 0.108192
            }
          }
        ],
        "_id": "67a2ff935d2e8cfa96e13435"
      },
      {
        "sku": "A16-BSJJF-Gris-4XL",
        "quantity": 20,
        "boxQuantities": [
          {
            "boxNo": "1",
            "quantity": 20,
            "specs": {
              "length": 55,
              "width": 45,
              "height": 41,
              "weight": 20,
              "volume": 0.101475,
              "edgeVolume": 0.108192
            }
          }
        ],
        "_id": "67a2ff935d2e8cfa96e13436"
      },
      {
        "sku": "A16-BSJJF-Blanco-L",
        "quantity": 10,
        "boxQuantities": [
          {
            "boxNo": "2",
            "quantity": 10,
            "specs": {
              "length": 55,
              "width": 45,
              "height": 41,
              "weight": 20,
              "volume": 0.101475,
              "edgeVolume": 0.108192
            }
          }
        ],
        "_id": "67a2ff935d2e8cfa96e13437"
      },
      {
        "sku": "A16-BSJJF-Blanco-XL",
        "quantity": 10,
        "boxQuantities": [
          {
            "boxNo": "3",
            "quantity": 10,
            "specs": {
              "length": 55,
              "width": 45,
              "height": 41,
              "weight": 20,
              "volume": 0.101475,
              "edgeVolume": 0.108192
            }
          }
        ],
        "_id": "67a2ff935d2e8cfa96e13438"
      },
      {
        "sku": "A16-BSJJF-Blanco-2XL",
        "quantity": 10,
        "boxQuantities": [
          {
            "boxNo": "3",
            "quantity": 10,
            "specs": {
              "length": 55,
              "width": 45,
              "height": 41,
              "weight": 20,
              "volume": 0.101475,
              "edgeVolume": 0.108192
            }
          }
        ],
        "_id": "67a2ff935d2e8cfa96e13439"
      },
      {
        "sku": "A16-BSJJF-Blanco-3XL",
        "quantity": 10,
        "boxQuantities": [
          {
            "boxNo": "3",
            "quantity": 10,
            "specs": {
              "length": 55,
              "width": 45,
              "height": 41,
              "weight": 20,
              "volume": 0.101475,
              "edgeVolume": 0.108192
            }
          }
        ],
        "_id": "67a2ff935d2e8cfa96e1343a"
      },
      {
        "sku": "A16-BSJJF-Blanco-4XL",
        "quantity": 10,
        "boxQuantities": [
          {
            "boxNo": "3",
            "quantity": 10,
            "specs": {
              "length": 55,
              "width": 45,
              "height": 41,
              "weight": 20,
              "volume": 0.101475,
              "edgeVolume": 0.108192
            }
          }
        ],
        "_id": "67a2ff935d2e8cfa96e1343b"
      },
      {
        "sku": "A16-BSJJF-Azul claro-L",
        "quantity": 10,
        "boxQuantities": [
          {
            "boxNo": "2",
            "quantity": 10,
            "specs": {
              "length": 55,
              "width": 45,
              "height": 41,
              "weight": 20,
              "volume": 0.101475,
              "edgeVolume": 0.108192
            }
          }
        ],
        "_id": "67a2ff935d2e8cfa96e1343c"
      },
      {
        "sku": "A16-BSJJF-Azul claro-XL",
        "quantity": 10,
        "boxQuantities": [
          {
            "boxNo": "2",
            "quantity": 10,
            "specs": {
              "length": 55,
              "width": 45,
              "height": 41,
              "weight": 20,
              "volume": 0.101475,
              "edgeVolume": 0.108192
            }
          }
        ],
        "_id": "67a2ff935d2e8cfa96e1343d"
      },
      {
        "sku": "A16-BSJJF-Azul claro-2XL",
        "quantity": 10,
        "boxQuantities": [
          {
            "boxNo": "2",
            "quantity": 10,
            "specs": {
              "length": 55,
              "width": 45,
              "height": 41,
              "weight": 20,
              "volume": 0.101475,
              "edgeVolume": 0.108192
            }
          }
        ],
        "_id": "67a2ff935d2e8cfa96e1343e"
      },
      {
        "sku": "A16-BSJJF-Azul claro-3XL",
        "quantity": 10,
        "boxQuantities": [
          {
            "boxNo": "2",
            "quantity": 10,
            "specs": {
              "length": 55,
              "width": 45,
              "height": 41,
              "weight": 20,
              "volume": 0.101475,
              "edgeVolume": 0.108192
            }
          }
        ],
        "_id": "67a2ff935d2e8cfa96e1343f"
      },
      {
        "sku": "A16-BSJJF-Azul claro-4XL",
        "quantity": 10,
        "boxQuantities": [
          {
            "boxNo": "2",
            "quantity": 10,
            "specs": {
              "length": 55,
              "width": 45,
              "height": 41,
              "weight": 20,
              "volume": 0.101475,
              "edgeVolume": 0.108192
            }
          }
        ],
        "_id": "67a2ff935d2e8cfa96e13440"
      },
      {
        "sku": "A16-LTDK-Negro Gris-M",
        "quantity": 50,
        "boxQuantities": [
          {
            "boxNo": "3",
            "quantity": 50,
            "specs": {
              "length": 55,
              "width": 45,
              "height": 41,
              "weight": 20,
              "volume": 0.101475,
              "edgeVolume": 0.108192
            }
          }
        ],
        "_id": "67a2ff935d2e8cfa96e13441"
      },
      {
        "sku": "A16-LTDK-Negro Gris-L",
        "quantity": 50,
        "boxQuantities": [
          {
            "boxNo": "3",
            "quantity": 18,
            "specs": {
              "length": 55,
              "width": 45,
              "height": 41,
              "weight": 20,
              "volume": 0.101475,
              "edgeVolume": 0.108192
            }
          },
          {
            "boxNo": "5",
            "quantity": 32,
            "specs": {
              "length": 40,
              "width": 30,
              "height": 30,
              "weight": 10,
              "volume": 0.036,
              "edgeVolume": 0.039401
            }
          }
        ],
        "_id": "67a2ff935d2e8cfa96e13442"
      },
      {
        "sku": "A16-LTDK-Negro Gris-XL",
        "quantity": 50,
        "boxQuantities": [
          {
            "boxNo": "4",
            "quantity": 50,
            "specs": {
              "length": 55,
              "width": 45,
              "height": 41,
              "weight": 20,
              "volume": 0.101475,
              "edgeVolume": 0.108192
            }
          }
        ],
        "_id": "67a2ff935d2e8cfa96e13443"
      },
      {
        "sku": "A16-LTDK-Negro Gris-2XL",
        "quantity": 50,
        "boxQuantities": [
          {
            "boxNo": "4",
            "quantity": 50,
            "specs": {
              "length": 55,
              "width": 45,
              "height": 41,
              "weight": 20,
              "volume": 0.101475,
              "edgeVolume": 0.108192
            }
          }
        ],
        "_id": "67a2ff935d2e8cfa96e13444"
      }
    ],
    "createdAt": "2025-02-05T06:05:07.377Z",
    "updatedAt": "2025-02-05T06:05:07.382Z",
    "__v": 0
  }
]