[
  {
    "_id": "679fb58a707935e7d101f13d",
    "sku": "A16-MTCDFB-Negro",
    "name": "待补充(A16-MTCDFB-Negro)",
    "chineseName": "待补充(A16-MTCDFB-Negro)",
    "category": "未分类",
    "type": "普货",
    "price": 0,
    "cost": 0,
    "stock": 0,
    "alertThreshold": 10,
    "images": [],
    "status": "active",
    "isAutoCreated": true,
    "needsCompletion": true,
    "createdAt": "2025-02-02T18:12:26.301Z",
    "updatedAt": "2025-02-02T18:12:26.301Z",
    "__v": 0
  },
  {
    "_id": "679fb58a707935e7d101f13e",
    "sku": "A16-CBJ-Rojo",
    "name": "待补充(A16-CBJ-Rojo)",
    "chineseName": "待补充(A16-CBJ-Rojo)",
    "category": "未分类",
    "type": "普货",
    "price": 0,
    "cost": 0,
    "stock": 0,
    "alertThreshold": 10,
    "images": [],
    "status": "active",
    "isAutoCreated": true,
    "needsCompletion": true,
    "createdAt": "2025-02-02T18:12:26.302Z",
    "updatedAt": "2025-02-02T18:12:26.302Z",
    "__v": 0
  },
  {
    "_id": "679fb58a707935e7d101f13f",
    "sku": "A16-FGZXD",
    "name": "待补充(A16-FGZXD)",
    "chineseName": "待补充(A16-FGZXD)",
    "category": "未分类",
    "type": "普货",
    "price": 0,
    "cost": 0,
    "stock": 0,
    "alertThreshold": 10,
    "images": [],
    "status": "active",
    "isAutoCreated": true,
    "needsCompletion": true,
    "createdAt": "2025-02-02T18:12:26.303Z",
    "updatedAt": "2025-02-02T18:12:26.303Z",
    "__v": 0
  },
  {
    "_id": "67a1d86c635f6c67523ac80e",
    "sku": "A16-BSJJF-Negro-L",
    "name": "待补充(A16-BSJJF-Negro-L)",
    "chineseName": "待补充(A16-BSJJF-Negro-L)",
    "category": "未分类",
    "type": "纺织",
    "price": 0,
    "cost": 0,
    "stock": 0,
    "alertThreshold": 10,
    "images": [],
    "status": "active",
    "isAutoCreated": true,
    "needsCompletion": true,
    "createdAt": "2025-02-04T09:05:48.720Z",
    "updatedAt": "2025-02-04T09:05:48.732Z",
    "__v": 0
  },
  {
    "_id": "67a1d86c635f6c67523ac814",
    "sku": "A16-BSJJF-Gris-XL",
    "name": "待补充(A16-BSJJF-Gris-XL)",
    "chineseName": "待补充(A16-BSJJF-Gris-XL)",
    "category": "未分类",
    "type": "纺织",
    "price": 0,
    "cost": 0,
    "stock": 0,
    "alertThreshold": 10,
    "images": [],
    "status": "active",
    "isAutoCreated": true,
    "needsCompletion": true,
    "createdAt": "2025-02-04T09:05:48.722Z",
    "updatedAt": "2025-02-04T09:05:48.732Z",
    "__v": 0
  },
  {
    "_id": "67a1d86c635f6c67523ac815",
    "sku": "A16-BSJJF-Gris-2XL",
    "name": "待补充(A16-BSJJF-Gris-2XL)",
    "chineseName": "待补充(A16-BSJJF-Gris-2XL)",
    "category": "未分类",
    "type": "纺织",
    "price": 0,
    "cost": 0,
    "stock": 0,
    "alertThreshold": 10,
    "images": [],
    "status": "active",
    "isAutoCreated": true,
    "needsCompletion": true,
    "createdAt": "2025-02-04T09:05:48.723Z",
    "updatedAt": "2025-02-04T09:05:48.732Z",
    "__v": 0
  },
  {
    "_id": "67a1d86c635f6c67523ac816",
    "sku": "A16-BSJJF-Gris-3XL",
    "name": "待补充(A16-BSJJF-Gris-3XL)",
    "chineseName": "待补充(A16-BSJJF-Gris-3XL)",
    "category": "未分类",
    "type": "纺织",
    "price": 0,
    "cost": 0,
    "stock": 0,
    "alertThreshold": 10,
    "images": [],
    "status": "active",
    "isAutoCreated": true,
    "needsCompletion": true,
    "createdAt": "2025-02-04T09:05:48.723Z",
    "updatedAt": "2025-02-04T09:05:48.732Z",
    "__v": 0
  },
  {
    "_id": "67a1d86c635f6c67523ac819",
    "sku": "A16-BSJJF-Blanco-XL",
    "name": "待补充(A16-BSJJF-Blanco-XL)",
    "chineseName": "待补充(A16-BSJJF-Blanco-XL)",
    "category": "未分类",
    "type": "纺织",
    "price": 0,
    "cost": 0,
    "stock": 0,
    "alertThreshold": 10,
    "images": [],
    "status": "active",
    "isAutoCreated": true,
    "needsCompletion": true,
    "createdAt": "2025-02-04T09:05:48.724Z",
    "updatedAt": "2025-02-04T09:05:48.733Z",
    "__v": 0
  },
  {
    "_id": "67a1d86c635f6c67523ac81a",
    "sku": "A16-BSJJF-Blanco-2XL",
    "name": "待补充(A16-BSJJF-Blanco-2XL)",
    "chineseName": "待补充(A16-BSJJF-Blanco-2XL)",
    "category": "未分类",
    "type": "纺织",
    "price": 0,
    "cost": 0,
    "stock": 0,
    "alertThreshold": 10,
    "images": [],
    "status": "active",
    "isAutoCreated": true,
    "needsCompletion": true,
    "createdAt": "2025-02-04T09:05:48.725Z",
    "updatedAt": "2025-02-04T09:05:48.733Z",
    "__v": 0
  },
  {
    "_id": "67a1d86c635f6c67523ac817",
    "sku": "A16-BSJJF-Gris-4XL",
    "name": "待补充(A16-BSJJF-Gris-4XL)",
    "chineseName": "待补充(A16-BSJJF-Gris-4XL)",
    "category": "未分类",
    "type": "纺织",
    "price": 0,
    "cost": 0,
    "stock": 0,
    "alertThreshold": 10,
    "images": [],
    "status": "active",
    "isAutoCreated": true,
    "needsCompletion": true,
    "createdAt": "2025-02-04T09:05:48.724Z",
    "updatedAt": "2025-02-04T09:05:48.733Z",
    "__v": 0
  },
  {
    "_id": "67a1d86c635f6c67523ac818",
    "sku": "A16-BSJJF-Blanco-L",
    "name": "待补充(A16-BSJJF-Blanco-L)",
    "chineseName": "待补充(A16-BSJJF-Blanco-L)",
    "category": "未分类",
    "type": "纺织",
    "price": 0,
    "cost": 0,
    "stock": 0,
    "alertThreshold": 10,
    "images": [],
    "status": "active",
    "isAutoCreated": true,
    "needsCompletion": true,
    "createdAt": "2025-02-04T09:05:48.724Z",
    "updatedAt": "2025-02-04T09:05:48.733Z",
    "__v": 0
  },
  {
    "_id": "67a1d86c635f6c67523ac810",
    "sku": "A16-BSJJF-Negro-2XL",
    "name": "待补充(A16-BSJJF-Negro-2XL)",
    "chineseName": "待补充(A16-BSJJF-Negro-2XL)",
    "category": "未分类",
    "type": "纺织",
    "price": 0,
    "cost": 0,
    "stock": 0,
    "alertThreshold": 10,
    "images": [],
    "status": "active",
    "isAutoCreated": true,
    "needsCompletion": true,
    "createdAt": "2025-02-04T09:05:48.721Z",
    "updatedAt": "2025-02-04T09:05:48.732Z",
    "__v": 0
  },
  {
    "_id": "67a1d86c635f6c67523ac811",
    "sku": "A16-BSJJF-Negro-3XL",
    "name": "待补充(A16-BSJJF-Negro-3XL)",
    "chineseName": "待补充(A16-BSJJF-Negro-3XL)",
    "category": "未分类",
    "type": "纺织",
    "price": 0,
    "cost": 0,
    "stock": 0,
    "alertThreshold": 10,
    "images": [],
    "status": "active",
    "isAutoCreated": true,
    "needsCompletion": true,
    "createdAt": "2025-02-04T09:05:48.722Z",
    "updatedAt": "2025-02-04T09:05:48.732Z",
    "__v": 0
  },
  {
    "_id": "67a1d86c635f6c67523ac81c",
    "sku": "A16-BSJJF-Blanco-4XL",
    "name": "待补充(A16-BSJJF-Blanco-4XL)",
    "chineseName": "待补充(A16-BSJJF-Blanco-4XL)",
    "category": "未分类",
    "type": "纺织",
    "price": 0,
    "cost": 0,
    "stock": 0,
    "alertThreshold": 10,
    "images": [],
    "status": "active",
    "isAutoCreated": true,
    "needsCompletion": true,
    "createdAt": "2025-02-04T09:05:48.725Z",
    "updatedAt": "2025-02-04T09:05:48.733Z",
    "__v": 0
  },
  {
    "_id": "67a1d86c635f6c67523ac812",
    "sku": "A16-BSJJF-Negro-4XL",
    "name": "待补充(A16-BSJJF-Negro-4XL)",
    "chineseName": "待补充(A16-BSJJF-Negro-4XL)",
    "category": "未分类",
    "type": "纺织",
    "price": 0,
    "cost": 0,
    "stock": 0,
    "alertThreshold": 10,
    "images": [],
    "status": "active",
    "isAutoCreated": true,
    "needsCompletion": true,
    "createdAt": "2025-02-04T09:05:48.722Z",
    "updatedAt": "2025-02-04T09:05:48.732Z",
    "__v": 0
  },
  {
    "_id": "67a1d86c635f6c67523ac813",
    "sku": "A16-BSJJF-Gris-L",
    "name": "待补充(A16-BSJJF-Gris-L)",
    "chineseName": "待补充(A16-BSJJF-Gris-L)",
    "category": "未分类",
    "type": "纺织",
    "price": 0,
    "cost": 0,
    "stock": 0,
    "alertThreshold": 10,
    "images": [],
    "status": "active",
    "isAutoCreated": true,
    "needsCompletion": true,
    "createdAt": "2025-02-04T09:05:48.722Z",
    "updatedAt": "2025-02-04T09:05:48.732Z",
    "__v": 0
  },
  {
    "_id": "67a1d86c635f6c67523ac81b",
    "sku": "A16-BSJJF-Blanco-3XL",
    "name": "待补充(A16-BSJJF-Blanco-3XL)",
    "chineseName": "待补充(A16-BSJJF-Blanco-3XL)",
    "category": "未分类",
    "type": "纺织",
    "price": 0,
    "cost": 0,
    "stock": 0,
    "alertThreshold": 10,
    "images": [],
    "status": "active",
    "isAutoCreated": true,
    "needsCompletion": true,
    "createdAt": "2025-02-04T09:05:48.725Z",
    "updatedAt": "2025-02-04T09:05:48.733Z",
    "__v": 0
  },
  {
    "_id": "67a1d86c635f6c67523ac80f",
    "sku": "A16-BSJJF-Negro-XL",
    "name": "待补充(A16-BSJJF-Negro-XL)",
    "chineseName": "待补充(A16-BSJJF-Negro-XL)",
    "category": "未分类",
    "type": "纺织",
    "price": 0,
    "cost": 0,
    "stock": 0,
    "alertThreshold": 10,
    "images": [],
    "status": "active",
    "isAutoCreated": true,
    "needsCompletion": true,
    "createdAt": "2025-02-04T09:05:48.721Z",
    "updatedAt": "2025-02-04T09:05:48.732Z",
    "__v": 0
  },
  {
    "_id": "67a2ff935d2e8cfa96e13413",
    "sku": "A16-BSJJF-Azul claro-XL",
    "name": "待补充(A16-BSJJF-Azul claro-XL)",
    "chineseName": "待补充(A16-BSJJF-Azul claro-XL)",
    "category": "未分类",
    "type": "纺织",
    "price": 0,
    "cost": 0,
    "stock": 0,
    "alertThreshold": 10,
    "images": [],
    "status": "active",
    "isAutoCreated": true,
    "needsCompletion": true,
    "createdAt": "2025-02-05T06:05:07.345Z",
    "updatedAt": "2025-02-05T06:05:07.350Z",
    "__v": 0
  },
  {
    "_id": "67a2ff935d2e8cfa96e13412",
    "sku": "A16-BSJJF-Azul claro-L",
    "name": "待补充(A16-BSJJF-Azul claro-L)",
    "chineseName": "待补充(A16-BSJJF-Azul claro-L)",
    "category": "未分类",
    "type": "纺织",
    "price": 0,
    "cost": 0,
    "stock": 0,
    "alertThreshold": 10,
    "images": [],
    "status": "active",
    "isAutoCreated": true,
    "needsCompletion": true,
    "createdAt": "2025-02-05T06:05:07.344Z",
    "updatedAt": "2025-02-05T06:05:07.350Z",
    "__v": 0
  },
  {
    "_id": "67a2ff935d2e8cfa96e13414",
    "sku": "A16-BSJJF-Azul claro-2XL",
    "name": "待补充(A16-BSJJF-Azul claro-2XL)",
    "chineseName": "待补充(A16-BSJJF-Azul claro-2XL)",
    "category": "未分类",
    "type": "纺织",
    "price": 0,
    "cost": 0,
    "stock": 0,
    "alertThreshold": 10,
    "images": [],
    "status": "active",
    "isAutoCreated": true,
    "needsCompletion": true,
    "createdAt": "2025-02-05T06:05:07.345Z",
    "updatedAt": "2025-02-05T06:05:07.350Z",
    "__v": 0
  },
  {
    "_id": "67a2ff935d2e8cfa96e13416",
    "sku": "A16-BSJJF-Azul claro-4XL",
    "name": "待补充(A16-BSJJF-Azul claro-4XL)",
    "chineseName": "待补充(A16-BSJJF-Azul claro-4XL)",
    "category": "未分类",
    "type": "纺织",
    "price": 0,
    "cost": 0,
    "stock": 0,
    "alertThreshold": 10,
    "images": [],
    "status": "active",
    "isAutoCreated": true,
    "needsCompletion": true,
    "createdAt": "2025-02-05T06:05:07.346Z",
    "updatedAt": "2025-02-05T06:05:07.350Z",
    "__v": 0
  },
  {
    "_id": "67a2ff935d2e8cfa96e13419",
    "sku": "A16-LTDK-Negro Gris-XL",
    "name": "待补充(A16-LTDK-Negro Gris-XL)",
    "chineseName": "待补充(A16-LTDK-Negro Gris-XL)",
    "category": "未分类",
    "type": "纺织",
    "price": 0,
    "cost": 0,
    "stock": 0,
    "alertThreshold": 10,
    "images": [],
    "status": "active",
    "isAutoCreated": true,
    "needsCompletion": true,
    "createdAt": "2025-02-05T06:05:07.347Z",
    "updatedAt": "2025-02-05T06:05:07.350Z",
    "__v": 0
  },
  {
    "_id": "67a2ff935d2e8cfa96e1341a",
    "sku": "A16-LTDK-Negro Gris-2XL",
    "name": "待补充(A16-LTDK-Negro Gris-2XL)",
    "chineseName": "待补充(A16-LTDK-Negro Gris-2XL)",
    "category": "未分类",
    "type": "纺织",
    "price": 0,
    "cost": 0,
    "stock": 0,
    "alertThreshold": 10,
    "images": [],
    "status": "active",
    "isAutoCreated": true,
    "needsCompletion": true,
    "createdAt": "2025-02-05T06:05:07.348Z",
    "updatedAt": "2025-02-05T06:05:07.350Z",
    "__v": 0
  },
  {
    "_id": "67a2ff935d2e8cfa96e13417",
    "sku": "A16-LTDK-Negro Gris-M",
    "name": "待补充(A16-LTDK-Negro Gris-M)",
    "chineseName": "待补充(A16-LTDK-Negro Gris-M)",
    "category": "未分类",
    "type": "纺织",
    "price": 0,
    "cost": 0,
    "stock": 0,
    "alertThreshold": 10,
    "images": [],
    "status": "active",
    "isAutoCreated": true,
    "needsCompletion": true,
    "createdAt": "2025-02-05T06:05:07.346Z",
    "updatedAt": "2025-02-05T06:05:07.350Z",
    "__v": 0
  },
  {
    "_id": "67a2ff935d2e8cfa96e13418",
    "sku": "A16-LTDK-Negro Gris-L",
    "name": "待补充(A16-LTDK-Negro Gris-L)",
    "chineseName": "待补充(A16-LTDK-Negro Gris-L)",
    "category": "未分类",
    "type": "纺织",
    "price": 0,
    "cost": 0,
    "stock": 0,
    "alertThreshold": 10,
    "images": [],
    "status": "active",
    "isAutoCreated": true,
    "needsCompletion": true,
    "createdAt": "2025-02-05T06:05:07.347Z",
    "updatedAt": "2025-02-05T06:05:07.350Z",
    "__v": 0
  },
  {
    "_id": "67a2ff935d2e8cfa96e13415",
    "sku": "A16-BSJJF-Azul claro-3XL",
    "name": "待补充(A16-BSJJF-Azul claro-3XL)",
    "chineseName": "待补充(A16-BSJJF-Azul claro-3XL)",
    "category": "未分类",
    "type": "纺织",
    "price": 0,
    "cost": 0,
    "stock": 0,
    "alertThreshold": 10,
    "images": [],
    "status": "active",
    "isAutoCreated": true,
    "needsCompletion": true,
    "createdAt": "2025-02-05T06:05:07.345Z",
    "updatedAt": "2025-02-05T06:05:07.350Z",
    "__v": 0
  }
]